{"camera_matrix": [[792.209997369808, 0.0, 333.21679212599616], [0.0, 789.2448579435285, 237.10826220429968], [0.0, 0.0, 1.0]], "dist_coeff": [[3.3477473645198708, -39.849713193978126, 0.05339238309121331, 0.007210518753268737, 117.09585606156048]]}